Entity,Code,Year,Wheat (tonnes per hectare),Barley (tonnes per hectare),Oats (tonnes per hectare)
United Kingdom,GBR,1270,0.521734429,0.800721109,0.783380328
United Kingdom,GBR,1271,0.470964263,0.911143435,0.735990383
United Kingdom,GBR,1272,0.684571094,0.854774541,0.630633639
United Kingdom,GBR,1273,0.482707332,0.804971591,0.706707484
United Kingdom,GBR,1274,0.442802072,0.733861098,0.702955901
United Kingdom,GBR,1275,0.788229498,1.194795703,0.657519705
United Kingdom,GBR,1276,0.481701551,0.687792364,0.692037366
United Kingdom,GBR,1277,0.668751621,0.851143441,0.779545339
United Kingdom,GBR,1278,0.845401378,0.946865988,0.666832747
United Kingdom,GBR,1279,0.482155455,0.401687919,0.547308436
United Kingdom,GBR,1280,0.502997902,0.55060883,0.657587873
United Kingdom,GBR,1281,0.545868682,0.900803761,0.659193643
United Kingdom,GBR,1282,0.562100662,0.696269861,0.713534541
United Kingdom,GBR,1283,0.38802851,0.704414303,0.693200859
United Kingdom,GBR,1284,0.529111692,0.760523054,0.623347462
United Kingdom,GBR,1285,0.543643882,0.692801772,0.707561239
United Kingdom,GBR,1286,0.53657936,0.777593873,0.593454306
United Kingdom,GBR,1287,0.723960362,0.90281542,0.601824697
United Kingdom,GBR,1288,0.654141489,0.867405821,0.671839291
United Kingdom,GBR,1289,0.488810365,0.659191688,0.621472945
United Kingdom,GBR,1290,0.468928597,0.553768227,0.775006772
United Kingdom,GBR,1291,0.537044461,0.377708852,0.592552092
United Kingdom,GBR,1292,0.533799575,0.579243602,0.583276776
United Kingdom,GBR,1293,0.491586608,0.685294349,0.738360382
United Kingdom,GBR,1294,0.473860424,0.691140673,0.61248761
United Kingdom,GBR,1295,0.583152725,0.888805581,0.626197498
United Kingdom,GBR,1296,0.650558522,0.70766837,0.761876
United Kingdom,GBR,1297,0.611879826,0.605028228,0.652384306
United Kingdom,GBR,1298,0.728962065,0.768428625,0.721165082
United Kingdom,GBR,1299,0.573433077,0.846322695,0.646686279
United Kingdom,GBR,1300,0.521054533,0.812927906,0.650877991
United Kingdom,GBR,1301,0.584638957,0.857429622,0.642931705
United Kingdom,GBR,1302,0.541599027,0.913525126,0.640257256
United Kingdom,GBR,1303,0.639209662,0.890999303,0.547290107
United Kingdom,GBR,1304,0.388523076,0.834096467,0.57604526
United Kingdom,GBR,1305,0.551570655,0.728877898,0.526589043
United Kingdom,GBR,1306,0.547589435,0.619987356,0.468767277
United Kingdom,GBR,1307,0.555126449,0.790472845,0.656481594
United Kingdom,GBR,1308,0.517865698,0.883415517,0.750012615
United Kingdom,GBR,1309,0.613831393,0.882250216,0.622019869
United Kingdom,GBR,1310,0.456223602,1.025565476,0.683028779
United Kingdom,GBR,1311,0.650764108,0.843095056,0.630810405
United Kingdom,GBR,1312,0.588226742,0.940422564,0.511769261
United Kingdom,GBR,1313,0.644213051,0.963014573,0.526785975
United Kingdom,GBR,1314,0.589922164,0.86075361,0.631124336
United Kingdom,GBR,1315,0.326539391,0.729175054,0.616858049
United Kingdom,GBR,1316,0.262949049,0.621946428,0.547540921
United Kingdom,GBR,1317,0.436382222,0.612098218,0.533717118
United Kingdom,GBR,1318,0.714523202,0.767233208,0.575926776
United Kingdom,GBR,1319,0.675861796,0.874565638,0.623107059
United Kingdom,GBR,1320,0.623717063,0.919020279,0.676472269
United Kingdom,GBR,1321,0.383592834,0.619728729,0.419856904
United Kingdom,GBR,1322,0.459757396,0.732770724,0.580337673
United Kingdom,GBR,1323,0.484958824,0.94949676,0.656775298
United Kingdom,GBR,1324,0.43186537,0.742651211,0.427020177
United Kingdom,GBR,1325,0.676608628,0.859668251,0.58865427
United Kingdom,GBR,1326,0.718331682,0.869295524,0.581481643
United Kingdom,GBR,1327,0.572940069,0.890734912,0.706193596
United Kingdom,GBR,1328,0.448838651,0.771969573,0.515233607
United Kingdom,GBR,1329,0.547939897,0.902039519,0.586806948
United Kingdom,GBR,1330,0.560781235,0.769503878,0.556102459
United Kingdom,GBR,1331,0.501283603,0.625099287,0.489199451
United Kingdom,GBR,1332,0.600784784,0.768774774,0.617309279
United Kingdom,GBR,1333,0.725848084,0.836556575,0.488635003
United Kingdom,GBR,1334,0.626650493,0.641783158,0.611719115
United Kingdom,GBR,1335,0.509442636,0.736367943,0.600198464
United Kingdom,GBR,1336,0.545664905,0.792601906,0.582562806
United Kingdom,GBR,1337,0.67312174,0.939345549,0.555368285
United Kingdom,GBR,1338,0.638280865,1.084563745,0.697080759
United Kingdom,GBR,1339,0.258104657,0.903428466,0.426176507
United Kingdom,GBR,1340,0.574169969,0.806217839,0.471729709
United Kingdom,GBR,1341,0.421385471,0.794462589,0.632674671
United Kingdom,GBR,1342,0.530075706,0.946830138,0.664898018
United Kingdom,GBR,1343,0.433375174,0.850503296,0.54988578
United Kingdom,GBR,1344,0.623508842,0.959246331,0.605474708
United Kingdom,GBR,1345,0.569905696,0.69402428,0.35828563
United Kingdom,GBR,1346,0.382274188,0.696914662,0.538294994
United Kingdom,GBR,1347,0.422621441,0.891170467,0.658731418
United Kingdom,GBR,1348,0.487378362,0.874379705,0.618082099
United Kingdom,GBR,1349,0.244295512,0.506011928,0.299886413
United Kingdom,GBR,1350,0.303677229,0.546216908,0.343608761
United Kingdom,GBR,1351,0.376412053,0.558658363,0.597735141
United Kingdom,GBR,1352,0.637847447,0.370278137,0.282124241
United Kingdom,GBR,1353,0.429931172,0.630978792,0.4288277
United Kingdom,GBR,1354,0.391928408,0.632887359,0.479954672
United Kingdom,GBR,1355,0.502501591,0.85538107,0.554086229
United Kingdom,GBR,1356,0.395136588,0.683952201,0.359129814
United Kingdom,GBR,1357,0.410423124,0.670625967,0.570197827
United Kingdom,GBR,1358,0.504279935,0.592048029,0.541482503
United Kingdom,GBR,1359,0.470961915,0.702947742,0.559420449
United Kingdom,GBR,1360,0.476528743,0.652999102,0.595128806
United Kingdom,GBR,1361,0.471495159,0.418647314,0.50329078
United Kingdom,GBR,1362,0.400999675,0.627488899,0.566809353
United Kingdom,GBR,1363,0.291623976,0.851055049,0.593803047
United Kingdom,GBR,1364,0.588347217,0.846613133,0.489870431
United Kingdom,GBR,1365,0.485264445,0.693978401,0.513053208
United Kingdom,GBR,1366,0.598627295,0.841121707,0.54126603
United Kingdom,GBR,1367,0.3630287,0.864133321,0.535130906
United Kingdom,GBR,1368,0.499114444,0.494419961,0.435102724
United Kingdom,GBR,1369,0.324883673,0.531483021,0.523725125
United Kingdom,GBR,1370,0.481323015,1.031796732,0.664699302
United Kingdom,GBR,1371,0.471165051,0.906323784,0.696632714
United Kingdom,GBR,1372,0.307731889,0.939532961,0.557532774
United Kingdom,GBR,1373,0.531925866,1.111559361,0.598629021
United Kingdom,GBR,1374,0.380417563,0.859214771,0.632845333
United Kingdom,GBR,1375,0.304892475,0.868407396,0.524070218
United Kingdom,GBR,1376,0.636975049,0.987539109,0.584026148
United Kingdom,GBR,1377,0.655702186,1.041504425,0.687674383
United Kingdom,GBR,1378,0.56367625,1.136198717,0.564474281
United Kingdom,GBR,1379,0.38632808,0.988063268,0.500767076
United Kingdom,GBR,1380,0.455276538,0.930647858,0.565463911
United Kingdom,GBR,1381,0.525380328,0.900139623,0.656490504
United Kingdom,GBR,1382,0.585786507,0.931236124,0.585559796
United Kingdom,GBR,1383,0.507414123,0.613917254,0.607351619
United Kingdom,GBR,1384,0.709107018,1.019003912,0.504526307
United Kingdom,GBR,1385,0.483540241,0.625321179,0.612981867
United Kingdom,GBR,1386,0.6729333,0.905774,0.588939156
United Kingdom,GBR,1387,0.70140502,0.923172989,0.592309366
United Kingdom,GBR,1388,0.437910027,0.883610534,0.604963016
United Kingdom,GBR,1389,0.52692997,0.812291959,0.475570976
United Kingdom,GBR,1390,0.273087308,0.896449256,0.437054191
United Kingdom,GBR,1391,0.566504767,0.996209894,0.58557613
United Kingdom,GBR,1392,0.87925151,1.243031011,0.594827265
United Kingdom,GBR,1393,0.387313691,0.807096479,0.502203993
United Kingdom,GBR,1394,0.73047247,0.667496049,0.42941806
United Kingdom,GBR,1395,0.485436409,0.730099764,0.587653125
United Kingdom,GBR,1396,0.475043713,0.71964603,0.549332003
United Kingdom,GBR,1397,0.494478506,0.539239895,0.386321007
United Kingdom,GBR,1398,0.602261482,0.8338792,0.628355701
United Kingdom,GBR,1399,0.441856476,0.866698136,0.518962153
United Kingdom,GBR,1400,0.323148159,0.830279964,0.608485277
United Kingdom,GBR,1401,0.3392705,0.716071085,0.473844193
United Kingdom,GBR,1402,0.37894435,0.924648508,0.625366014
United Kingdom,GBR,1403,0.526647905,0.782355082,0.444236721
United Kingdom,GBR,1404,0.566717981,0.785541354,0.492237502
United Kingdom,GBR,1405,0.623750299,0.757016792,0.576760231
United Kingdom,GBR,1406,0.399392874,0.81847493,0.479684415
United Kingdom,GBR,1407,0.512416586,0.6484627,0.396781061
United Kingdom,GBR,1408,0.366285973,0.535853826,0.260148907
United Kingdom,GBR,1409,0.412557818,0.715923786,0.373310703
United Kingdom,GBR,1410,0.561946312,0.846028829,0.592907168
United Kingdom,GBR,1411,0.496790872,0.687369747,0.550765422
United Kingdom,GBR,1412,0.398802209,0.829012416,0.394936234
United Kingdom,GBR,1413,0.355735668,0.437724431,0.300459258
United Kingdom,GBR,1414,0.415876607,0.669172125,0.565388197
United Kingdom,GBR,1415,0.386404866,0.654657531,0.427395338
United Kingdom,GBR,1416,0.287967553,0.56032663,0.417559628
United Kingdom,GBR,1417,0.552004079,0.780434353,0.304342955
United Kingdom,GBR,1418,0.326881889,0.839604072,0.488196557
United Kingdom,GBR,1419,0.374509838,0.83578356,0.809409394
United Kingdom,GBR,1420,0.367091657,0.913070365,0.494366068
United Kingdom,GBR,1421,0.201597716,0.639668128,0.346068659
United Kingdom,GBR,1422,0.301425997,0.725602908,0.432602063
United Kingdom,GBR,1423,0.415867485,0.815782393,0.561902674
United Kingdom,GBR,1424,0.512565198,0.674708531,0.674302496
United Kingdom,GBR,1425,0.421185317,0.74439754,0.520118027
United Kingdom,GBR,1426,0.438602885,0.610926056,0.500865428
United Kingdom,GBR,1427,0.344317315,0.823772346,0.376574718
United Kingdom,GBR,1428,0.165537216,0.781685634,0.89874541
United Kingdom,GBR,1429,0.292770534,0.65802112,0.684473476
United Kingdom,GBR,1430,0.387508156,0.768186234,0.5083512
United Kingdom,GBR,1431,0.31930256,0.556852735,0.889476516
United Kingdom,GBR,1432,0.274970167,0.506997929,1.231165609
United Kingdom,GBR,1433,0.296976794,0.811734499,0.907315499
United Kingdom,GBR,1434,0.333326939,1.105543737,0.494459657
United Kingdom,GBR,1435,0.245789036,0.774294777,0.603855133
United Kingdom,GBR,1436,0.343274066,0.481868453,0.332079805
United Kingdom,GBR,1437,0.193606163,0.582263829,0.180348674
United Kingdom,GBR,1438,0.15599726,0.605621719,0.520910459
United Kingdom,GBR,1439,0.237170969,0.689625969,0.624045414
United Kingdom,GBR,1440,0.377511879,0.688943421,0.766470821
United Kingdom,GBR,1441,0.198260276,0.448952507,0.334167211
United Kingdom,GBR,1442,0.1884419,0.413302371,0.389791204
United Kingdom,GBR,1443,0.486562005,0.941502052,0.973435436
United Kingdom,GBR,1444,0.66231346,0.688398142,0.955688902
United Kingdom,GBR,1445,0.254685446,0.344324163,0.892526775
United Kingdom,GBR,1446,0.278260673,0.770079902,0.984543739
United Kingdom,GBR,1447,0.534246385,0.535552286,0.354580737
United Kingdom,GBR,1448,0.272967498,0.701510811,1.558256573
United Kingdom,GBR,1449,0.320523413,0.443489254,0.36869915
United Kingdom,GBR,1450,0.28739676,0.607808657,0.655554603
United Kingdom,GBR,1451,0.342978074,0.586500315,0.655554603
United Kingdom,GBR,1452,0.357545732,0.558362429,0.712385897
United Kingdom,GBR,1453,0.372113391,0.530224544,0.881075897
United Kingdom,GBR,1454,0.437632493,0.62802411,0.407781682
United Kingdom,GBR,1455,0.425940036,0.613272272,0.539185512
United Kingdom,GBR,1456,0.414247579,0.598520434,0.670589341
United Kingdom,GBR,1457,0.19102589,0.597974104,0.363278831
United Kingdom,GBR,1458,0.339392163,0.533502841,0.705469912
United Kingdom,GBR,1459,0.331323891,0.633760982,0.602632128
United Kingdom,GBR,1460,0.323255619,0.734019123,0.499794345
United Kingdom,GBR,1461,0.288741454,0.766801239,0.676603271
United Kingdom,GBR,1462,0.573371477,1.012665791,0.497388942
United Kingdom,GBR,1463,0.693947029,0.998460326,0.126631726
United Kingdom,GBR,1464,0.569337263,0.379700685,0.432438657
United Kingdom,GBR,1465,0.426574024,0.429146855,0.47964785
United Kingdom,GBR,1466,0.283810784,0.51274087,0.526857043
United Kingdom,GBR,1467,0.417833413,0.603984109,0.206316044
United Kingdom,GBR,1468,0.430832307,0.823076979,0.558730697
United Kingdom,GBR,1469,0.534374841,0.507277305,0.490172074
United Kingdom,GBR,1470,0.394525144,0.613818642,0.448676342
United Kingdom,GBR,1471,0.246158919,0.581036686,0.288105021
United Kingdom,GBR,1472,0.19080178,0.947101924,0.292916236
United Kingdom,GBR,1473,0.395421637,0.383252038,0.381320486
United Kingdom,GBR,1474,0.310256737,0.887001612,0.695246175
United Kingdom,GBR,1475,0.385560501,0.545522859,0.494983358
United Kingdom,GBR,1476,0.161442337,0.316868596,1.056681909
United Kingdom,GBR,1477,0.163235277,0.525307271,1.001353962
United Kingdom,GBR,1478,0.345219152,0.459197009,0.595415529
United Kingdom,GBR,1479,0.405731035,0.914593117,0.405075508
United Kingdom,GBR,1480,0.623573918,0.474495181,0.579177834
United Kingdom,GBR,1481,0.420298776,0.523668208,0.672994735
United Kingdom,GBR,1482,0.235401319,0.572841234,0.766811636
United Kingdom,GBR,1483,0.294120232,0.827994141,0.328999582
United Kingdom,GBR,1484,0.318773213,0.594695844,0.63149886
United Kingdom,GBR,1485,0.259157785,0.428054069,0.359670511
United Kingdom,GBR,1486,0.516445514,0.521482775,1.070513737
United Kingdom,GBR,1487,0.397214632,0.485422572,0.627289103
United Kingdom,GBR,1488,0.4144717,0.544156936,0.627289103
United Kingdom,GBR,1489,0.431728768,0.6028913,0.627289103
United Kingdom,GBR,1490,0.323703819,0.807778485,0.558730697
United Kingdom,GBR,1491,0.424557009,0.753142111,0.187071592
United Kingdom,GBR,1492,0.421867517,0.568470265,0.425823371
United Kingdom,GBR,1493,0.421867517,0.568470265,0.425823371
United Kingdom,GBR,1494,,,0.575268849
United Kingdom,GBR,1495,,,0.724714327
United Kingdom,GBR,1549,,0.514511656,
United Kingdom,GBR,1550,,0.514511656,
United Kingdom,GBR,1551,0.56941554,0.674581956,
United Kingdom,GBR,1552,0.340454343,0.835362044,
United Kingdom,GBR,1553,0.93549831,0.871819708,0.758625821
United Kingdom,GBR,1554,0.757114922,0.45742272,0.746525133
United Kingdom,GBR,1555,0.681703282,0.645490494,0.804814004
United Kingdom,GBR,1556,0.396259605,0.305709854,0.25828527
United Kingdom,GBR,1557,0.613597272,0.302305292,0.798159356
United Kingdom,GBR,1558,1.103929923,1.098435741,0.819149997
United Kingdom,GBR,1559,0.893401306,0.610011102,0.987268095
United Kingdom,GBR,1560,0.553511365,0.611752445,0.865351919
United Kingdom,GBR,1561,0.656225473,0.574629398,1.611102143
United Kingdom,GBR,1562,0.724286593,0.74633936,0.363434048
United Kingdom,GBR,1563,1.167804889,0.527609567,0.30247596
United Kingdom,GBR,1564,0.776463982,0.88329386,1.124259837
United Kingdom,GBR,1565,0.898184535,0.917736852,0.49526954
United Kingdom,GBR,1566,1.042693148,1.229119898,0.741081482
United Kingdom,GBR,1567,1.078267189,0.65419261,1.066500983
United Kingdom,GBR,1568,0.938140785,1.198876919,0.77139756
United Kingdom,GBR,1569,0.971025549,0.796994911,0.848482774
United Kingdom,GBR,1570,0.735462014,0.469238459,0.722486513
United Kingdom,GBR,1571,0.544705009,1.04897687,0.450464307
United Kingdom,GBR,1572,0.404137774,0.929095481,0.418055889
United Kingdom,GBR,1573,0.793106537,1.060309447,0.674764794
United Kingdom,GBR,1574,0.359431556,0.604699588,0.700291525
United Kingdom,GBR,1575,0.74262809,0.704949808,0.858328962
United Kingdom,GBR,1576,0.981855638,0.682559215,0.465389274
United Kingdom,GBR,1577,0.289939045,0.560466616,0.953024449
United Kingdom,GBR,1578,0.820351073,0.873450828,0.817856177
United Kingdom,GBR,1579,0.913773273,0.848344564,1.051794446
United Kingdom,GBR,1580,0.672841064,0.991560537,0.673421741
United Kingdom,GBR,1581,0.63165121,0.910326799,1.707891669
United Kingdom,GBR,1582,0.573180317,0.940914474,0.395697223
United Kingdom,GBR,1583,0.889201338,1.277801462,2.157607232
United Kingdom,GBR,1584,1.015194249,0.863227232,0.979376331
United Kingdom,GBR,1585,0.564295409,0.836386951,0.964785909
United Kingdom,GBR,1586,0.363225669,0.508700731,0.948603616
United Kingdom,GBR,1587,0.785717321,0.897476648,0.626056597
United Kingdom,GBR,1588,1.005142166,1.076074601,1.033039158
United Kingdom,GBR,1589,0.647933189,0.70561555,0.508666133
United Kingdom,GBR,1590,0.877423844,0.631794833,1.055051411
United Kingdom,GBR,1591,0.648023829,0.471952409,0.764335044
United Kingdom,GBR,1592,0.686822631,0.962626656,0.397325706
United Kingdom,GBR,1593,0.788962065,1.252231655,0.898090176
United Kingdom,GBR,1594,0.313106032,0.61200811,0.841101087
United Kingdom,GBR,1595,0.466470868,0.586062272,0.433703416
United Kingdom,GBR,1596,0.313106032,0.495915828,0.472482184
United Kingdom,GBR,1597,0.291687021,0.297448785,0.290350543
United Kingdom,GBR,1598,0.449030976,0.781737145,0.527577049
United Kingdom,GBR,1599,0.754921464,1.302805718,0.921565574
United Kingdom,GBR,1600,0.806011969,0.683379492,0.747930095
United Kingdom,GBR,1601,0.61591803,0.835948887,0.744135863
United Kingdom,GBR,1602,0.868796484,0.725725259,0.832579708
United Kingdom,GBR,1603,0.927908661,1.201536648,1.387543696
United Kingdom,GBR,1604,0.841008035,1.659870844,0.913740231
United Kingdom,GBR,1605,0.75678058,0.741957499,0.907216859
United Kingdom,GBR,1606,0.847093261,0.4725419,0.648026494
United Kingdom,GBR,1607,0.605135521,0.830180348,0.965035339
United Kingdom,GBR,1608,0.539811305,0.501187689,1.201323084
United Kingdom,GBR,1609,0.931263067,1.055954927,0.874284766
United Kingdom,GBR,1610,1.334845655,0.985735187,1.715663995
United Kingdom,GBR,1611,0.784280462,1.535196187,0.721941661
United Kingdom,GBR,1612,1.206581815,1.042646379,0.707562886
United Kingdom,GBR,1613,0.861105741,0.768885822,0.895024829
United Kingdom,GBR,1614,0.752212703,0.707263558,1.017592682
United Kingdom,GBR,1615,0.932623789,1.10686151,0.934197551
United Kingdom,GBR,1616,0.622562049,1.083056062,0.582127613
United Kingdom,GBR,1617,0.959659542,1.187232425,1.08371251
United Kingdom,GBR,1618,0.885068323,1.153500228,1.277365617
United Kingdom,GBR,1619,0.690242353,1.422410404,1.11635211
United Kingdom,GBR,1620,1.436434992,1.307384169,1.1444871
United Kingdom,GBR,1621,0.896747991,1.968799029,2.091788285
United Kingdom,GBR,1622,0.63940703,1.333584003,1.228952903
United Kingdom,GBR,1623,0.640586398,0.843422478,1.240306528
United Kingdom,GBR,1624,1.01186018,1.568460927,1.246322849
United Kingdom,GBR,1625,1.052211933,1.737763925,1.672913032
United Kingdom,GBR,1626,0.963760425,1.213923247,1.295498278
United Kingdom,GBR,1627,1.002368723,1.395303313,2.229094888
United Kingdom,GBR,1628,1.597010595,1.469118124,1.324826022
United Kingdom,GBR,1629,0.71316729,0.773020066,0.973519412
United Kingdom,GBR,1630,0.707737904,0.555153223,0.96768345
United Kingdom,GBR,1631,0.705820326,0.638682621,0.960672119
United Kingdom,GBR,1632,1.143396083,0.81372863,0.836344989
United Kingdom,GBR,1633,0.762684411,0.845299632,1.507497783
United Kingdom,GBR,1634,1.019957772,1.100412041,1.086185868
United Kingdom,GBR,1635,1.241791872,0.978945515,0.99275465
United Kingdom,GBR,1636,1.025500492,1.032546218,0.595242809
United Kingdom,GBR,1637,1.198509061,0.560849309,0.803161267
United Kingdom,GBR,1638,1.225249311,0.841307258,0.781988791
United Kingdom,GBR,1639,1.206722062,1.004542401,1.33589957
United Kingdom,GBR,1640,1.331982617,1.2229059,1.151005578
United Kingdom,GBR,1641,0.769143813,0.891587064,0.813476955
United Kingdom,GBR,1642,0.903343584,1.490953096,1.070221652
United Kingdom,GBR,1643,0.751006767,2.413248572,1.117666776
United Kingdom,GBR,1644,0.983363308,2.401013209,0.426097555
United Kingdom,GBR,1645,0.786662079,1.330897368,1.209676824
United Kingdom,GBR,1646,0.711894827,1.339589571,0.97037023
United Kingdom,GBR,1647,0.839592188,1.079137875,0.522987429
United Kingdom,GBR,1648,0.920000387,0.95069466,0.931855838
United Kingdom,GBR,1649,0.535028131,1.101946598,0.994793804
United Kingdom,GBR,1650,0.462189858,0.326950881,1.09366217
United Kingdom,GBR,1651,0.657084412,0.595312919,0.330804248
United Kingdom,GBR,1652,0.85547038,1.445788708,0.459201796
United Kingdom,GBR,1653,1.171289276,2.002346155,0.84437736
United Kingdom,GBR,1654,1.291698481,1.164890551,1.007204693
United Kingdom,GBR,1655,1.417722085,1.402944081,1.24820296
United Kingdom,GBR,1656,1.143160596,1.419716476,1.097044742
United Kingdom,GBR,1657,0.861434388,1.442139849,0.898632281
United Kingdom,GBR,1658,0.62267141,1.45756233,0.646344378
United Kingdom,GBR,1659,0.71538772,0.575317473,0.468639106
United Kingdom,GBR,1660,0.844700228,1.046768423,0.833911351
United Kingdom,GBR,1661,0.761852729,0.793131316,0.805026931
United Kingdom,GBR,1662,0.881560703,0.881602337,0.751586688
United Kingdom,GBR,1663,0.811306125,1.374252075,0.769702451
United Kingdom,GBR,1664,0.891191099,0.909387895,0.774308169
United Kingdom,GBR,1665,1.007942857,1.058600663,0.665523733
United Kingdom,GBR,1666,1.240916955,1.570465204,1.277447661
United Kingdom,GBR,1667,1.351327456,1.461518579,0.969443389
United Kingdom,GBR,1668,0.802395077,0.92826486,0.897299243
United Kingdom,GBR,1669,1.074915005,1.243281437,0.528335527
United Kingdom,GBR,1670,1.028325456,1.053609943,0.709875027
United Kingdom,GBR,1671,0.909619487,1.32787466,0.782089333
United Kingdom,GBR,1672,0.722295592,0.897095927,1.008984385
United Kingdom,GBR,1673,0.784427509,0.988718456,0.651096589
United Kingdom,GBR,1674,0.5178443,1.154684367,0.405353328
United Kingdom,GBR,1675,0.653096296,0.763459717,1.079558826
United Kingdom,GBR,1676,1.237895609,1.542408266,0.834491231
United Kingdom,GBR,1677,0.893764955,0.948921701,0.923706233
United Kingdom,GBR,1678,1.132293071,1.114344792,0.776392936
United Kingdom,GBR,1679,0.933907115,1.019296474,0.948172518
United Kingdom,GBR,1680,1.510621896,1.502001191,1.238398098
United Kingdom,GBR,1681,1.024878683,0.878323613,0.669180451
United Kingdom,GBR,1682,1.14641516,0.915270523,0.363322965
United Kingdom,GBR,1683,1.213124513,1.534866743,1.028695056
United Kingdom,GBR,1684,0.846271341,1.165855499,0.621070646
United Kingdom,GBR,1685,1.23818524,1.215641165,0.524201506
United Kingdom,GBR,1686,0.74404613,0.632339378,0.804559858
United Kingdom,GBR,1687,1.484760754,0.865793725,0.861692681
United Kingdom,GBR,1688,1.070191069,1.290247484,0.522320986
United Kingdom,GBR,1689,0.896651378,1.110373667,0.735653621
United Kingdom,GBR,1690,1.117739662,1.342543213,0.31828472
United Kingdom,GBR,1691,0.969973465,2.152177327,1.189145433
United Kingdom,GBR,1692,1.444691147,1.64393992,0.694040281
United Kingdom,GBR,1693,0.641012674,1.013754965,1.238678163
United Kingdom,GBR,1694,1.647261904,1.499475381,0.972276993
United Kingdom,GBR,1695,1.10386632,1.393583964,0.516611198
United Kingdom,GBR,1696,0.905976432,1.048250131,0.845146505
United Kingdom,GBR,1697,1.02333297,1.069782188,0.638283359
United Kingdom,GBR,1698,0.856479121,1.485554305,0.640688924
United Kingdom,GBR,1699,0.839115925,0.751605014,0.49452816
United Kingdom,GBR,1700,1.18348579,0.60723124,0.579148984
United Kingdom,GBR,1701,0.97814737,1.354915658,0.489105004
United Kingdom,GBR,1702,0.880994645,2.203923765,0.764740465
United Kingdom,GBR,1703,0.793347094,1.793599187,0.705747775
United Kingdom,GBR,1704,1.387516861,1.736976115,1.265597807
United Kingdom,GBR,1705,1.408309098,1.331752936,1.006557994
United Kingdom,GBR,1706,1.01115713,0.994793595,0.897704369
United Kingdom,GBR,1707,1.182938648,1.236963909,0.780486594
United Kingdom,GBR,1708,0.616010375,0.999658531,0.473698856
United Kingdom,GBR,1709,0.42215649,1.500403292,0.569710041
United Kingdom,GBR,1710,0.682354353,0.866063455,0.431912413
United Kingdom,GBR,1711,1.103474565,1.144201026,0.956161591
United Kingdom,GBR,1712,1.01774777,1.888766426,0.548010314
United Kingdom,GBR,1713,0.611291779,1.108828332,1.156262489
United Kingdom,GBR,1714,1.204160802,1.112493514,1.046761109
United Kingdom,GBR,1715,0.769538025,1.136377631,0.80195464
United Kingdom,GBR,1716,0.857838271,1.262426927,0.742499562
United Kingdom,GBR,1717,0.968096855,1.369949215,1.012909014
United Kingdom,GBR,1718,1.249989208,2.202726746,0.627367373
United Kingdom,GBR,1719,1.021666523,1.611417067,0.263914007
United Kingdom,GBR,1720,1.397475164,2.37697198,1.584570382
United Kingdom,GBR,1721,1.296178608,2.051108614,1.201444528
United Kingdom,GBR,1722,0.998506012,1.962287376,0.696967555
United Kingdom,GBR,1723,1.207919659,1.300178759,0.691334317
United Kingdom,GBR,1724,1.012573039,1.276478454,1.167889331
United Kingdom,GBR,1725,1.164157791,1.356599566,1.583528473
United Kingdom,GBR,1726,0.654762236,1.003104618,1.624468184
United Kingdom,GBR,1727,0.871067537,1.543240925,1.19460736
United Kingdom,GBR,1728,1.26081748,1.530516253,1.18309437
United Kingdom,GBR,1729,1.100825474,1.608060122,1.323992098
United Kingdom,GBR,1730,0.886023125,1.577625171,1.438558664
United Kingdom,GBR,1731,0.91336863,1.210887557,0.484588891
United Kingdom,GBR,1732,1.434270596,1.703984039,1.042565072
United Kingdom,GBR,1733,1.464458479,1.507608383,0.878846932
United Kingdom,GBR,1734,1.043837711,1.450334755,1.343439254
United Kingdom,GBR,1735,0.636391507,1.748366623,1.582011312
United Kingdom,GBR,1736,1.729550963,1.599353117,1.00916367
United Kingdom,GBR,1737,1.66377516,1.709001744,1.235723496
United Kingdom,GBR,1738,1.085101719,1.719551878,0.684516605
United Kingdom,GBR,1739,1.211953071,1.589260902,1.252814911
United Kingdom,GBR,1740,0.898348267,2.072140995,1.491627353
United Kingdom,GBR,1741,1.233224199,1.478702814,1.155178538
United Kingdom,GBR,1742,1.523523968,1.331267001,0.724656743
United Kingdom,GBR,1743,1.166162726,1.759415069,1.672636288
United Kingdom,GBR,1744,0.847248334,1.733766078,1.429886735
United Kingdom,GBR,1745,0.821982617,1.782218002,1.923184793
United Kingdom,GBR,1746,1.084469602,1.816999438,1.944832386
United Kingdom,GBR,1747,1.579594085,2.22081361,1.159191515
United Kingdom,GBR,1748,0.946602513,1.744178794,1.867461788
United Kingdom,GBR,1749,1.132913806,1.664895984,1.647428334
United Kingdom,GBR,1750,1.085494022,1.441646207,0.826374609
United Kingdom,GBR,1751,0.758745955,1.460256884,1.503328601
United Kingdom,GBR,1752,1.029369056,2.110533019,1.940258599
United Kingdom,GBR,1753,0.890209054,2.228681536,1.490673483
United Kingdom,GBR,1754,0.938524989,1.686658805,1.861654141
United Kingdom,GBR,1755,0.978576806,1.991886,1.371918169
United Kingdom,GBR,1756,1.018393667,1.478166539,1.367391587
United Kingdom,GBR,1757,1.388851182,2.017859326,2.000393194
United Kingdom,GBR,1758,1.477259359,2.00907105,2.498751008
United Kingdom,GBR,1759,1.312984569,2.14346382,1.433799343
United Kingdom,GBR,1760,1.253723747,2.335438932,2.264387735
United Kingdom,GBR,1761,1.484040719,2.320924966,1.921826996
United Kingdom,GBR,1762,1.26406593,1.402865317,1.012355345
United Kingdom,GBR,1763,1.314315413,2.384372745,1.013250714
United Kingdom,GBR,1764,1.340695516,2.298247924,1.855652999
United Kingdom,GBR,1765,1.541148438,1.050813565,1.063936879
United Kingdom,GBR,1766,0.87883534,1.624802966,1.316512186
United Kingdom,GBR,1767,1.407330446,2.258290539,1.401911406
United Kingdom,GBR,1768,1.43989953,2.231492134,1.565181287
United Kingdom,GBR,1769,1.604787464,2.477208043,1.375551901
United Kingdom,GBR,1770,1.298339503,2.115037871,1.22324989
United Kingdom,GBR,1771,1.213998954,2.586696513,1.5240906
United Kingdom,GBR,1772,0.937864887,1.729514142,1.094289713
United Kingdom,GBR,1773,1.430633,2.000127549,1.261219055
United Kingdom,GBR,1774,1.269829758,2.030486945,1.352850271
United Kingdom,GBR,1775,1.538471181,1.639402269,1.329442304
United Kingdom,GBR,1776,1.219149652,2.154560112,2.00844804
United Kingdom,GBR,1777,1.494517912,2.019656123,1.550645696
United Kingdom,GBR,1778,1.250909049,2.220454901,1.535378217
United Kingdom,GBR,1779,1.254308932,2.206573386,2.017587536
United Kingdom,GBR,1780,1.404370812,2.193759557,2.00986191
United Kingdom,GBR,1781,1.763286113,2.286000007,1.763061961
United Kingdom,GBR,1782,1.348617465,2.002425884,1.314072281
United Kingdom,GBR,1783,1.239998192,2.361610057,1.573355328
United Kingdom,GBR,1784,1.366680509,2.543532223,1.528839071
United Kingdom,GBR,1785,1.339892517,1.278171507,1.723126994
United Kingdom,GBR,1786,1.497509652,1.620897158,1.81551182
United Kingdom,GBR,1787,0.985553267,1.636627752,1.263067417
United Kingdom,GBR,1788,1.187358718,1.049537868,1.093370936
United Kingdom,GBR,1789,1.018133396,1.537294237,1.705959405
United Kingdom,GBR,1790,1.142915929,1.99991886,1.894959189
United Kingdom,GBR,1791,1.309873505,1.96002641,1.50752469
United Kingdom,GBR,1792,1.153163913,1.863230955,2.352009253
United Kingdom,GBR,1793,1.411552146,1.294228205,0.819963574
United Kingdom,GBR,1794,0.873093698,1.417546268,0.619577626
United Kingdom,GBR,1795,1.104977981,2.055875505,2.201299697
United Kingdom,GBR,1796,1.252433885,1.671274852,3.22539596
United Kingdom,GBR,1797,1.276486086,1.68568637,1.966799397
United Kingdom,GBR,1798,1.260452867,2.014397781,2.416540641
United Kingdom,GBR,1799,1.011843286,1.567528458,1.479651196
United Kingdom,GBR,1800,0.914155904,1.606023169,1.891742923
United Kingdom,GBR,1801,1.416012863,2.152272209,2.61204856
United Kingdom,GBR,1802,1.449807972,2.185107438,2.519355884
United Kingdom,GBR,1803,1.294907526,2.01887109,1.438329377
United Kingdom,GBR,1804,0.953112462,2.072075126,1.374054933
United Kingdom,GBR,1805,1.368094918,2.207472169,1.416026436
United Kingdom,GBR,1806,1.553992294,1.761810097,1.345266924
United Kingdom,GBR,1807,1.659649986,1.766733449,1.673865017
United Kingdom,GBR,1808,1.226955692,1.849149507,1.400676002
United Kingdom,GBR,1809,1.254886975,2.389623481,1.964577042
United Kingdom,GBR,1810,1.407846398,2.245662386,2.073717316
United Kingdom,GBR,1811,0.948262087,1.868778079,1.602499404
United Kingdom,GBR,1812,1.092655074,1.187114892,1.814696634
United Kingdom,GBR,1813,1.572374116,2.56081906,1.771996715
United Kingdom,GBR,1814,1.028402747,2.599470871,1.892997934
United Kingdom,GBR,1815,1.304539911,2.420735714,1.974818794
United Kingdom,GBR,1816,1.170816742,2.128515303,1.719253051
United Kingdom,GBR,1817,1.661666175,1.817471331,1.684850741
United Kingdom,GBR,1818,1.581518092,1.206196413,1.542372137
United Kingdom,GBR,1819,1.023585542,1.947138217,2.324024307
United Kingdom,GBR,1820,1.810132227,2.608008566,2.203118797
United Kingdom,GBR,1821,1.502683228,2.815758321,1.956828463
United Kingdom,GBR,1822,1.413560828,1.749323675,1.507810265
United Kingdom,GBR,1823,1.378430283,1.734858929,2.004277438
United Kingdom,GBR,1824,1.446797324,1.873806039,1.789745341
United Kingdom,GBR,1825,1.726389618,1.79210032,1.330526513
United Kingdom,GBR,1826,1.459816883,1.518778068,1.115626678
United Kingdom,GBR,1827,1.578041022,2.278102175,1.853652006
United Kingdom,GBR,1828,1.062922574,1.87278681,1.970373528
United Kingdom,GBR,1829,1.311698516,2.057647027,2.01725773
United Kingdom,GBR,1830,1.456430719,1.826334229,2.263875639
United Kingdom,GBR,1831,1.61300358,2.558171109,2.438667354
United Kingdom,GBR,1832,1.599163912,2.466176333,2.589456294
United Kingdom,GBR,1833,1.494480953,2.261092817,2.123298239
United Kingdom,GBR,1834,1.535724524,1.944468875,1.967130913
United Kingdom,GBR,1835,1.844398057,2.374534328,2.407537988
United Kingdom,GBR,1836,1.647351964,2.014487304,2.456801525
United Kingdom,GBR,1837,1.866061483,2.0361022,2.433131296
United Kingdom,GBR,1838,1.69777652,2.392383273,2.348678739
United Kingdom,GBR,1839,1.621171603,2.716810143,2.555965572
United Kingdom,GBR,1840,1.919519728,2.642671702,3.101200129
United Kingdom,GBR,1841,1.609753876,2.246649342,2.665401385
United Kingdom,GBR,1842,1.961391685,2.427941145,2.085142006
United Kingdom,GBR,1843,1.682451053,2.176391984,2.972039012
United Kingdom,GBR,1844,2.31123377,1.890271954,2.25955056
United Kingdom,GBR,1845,1.803847715,2.314299976,2.768771688
United Kingdom,GBR,1846,1.912687642,1.969548891,2.004444884
United Kingdom,GBR,1847,2.277622854,2.637097472,1.936625576
United Kingdom,GBR,1848,1.907825877,2.342209485,1.916616217
United Kingdom,GBR,1849,2.229133882,2.358061488,2.757880133
United Kingdom,GBR,1850,1.822324669,2.045761702,2.734978728
United Kingdom,GBR,1851,1.836221707,2.233559281,2.934401239
United Kingdom,GBR,1852,1.900011198,2.175134734,2.333089854
United Kingdom,GBR,1853,1.505922237,1.873832775,1.560065221
United Kingdom,GBR,1854,2.138990464,2.513310796,2.33428721
United Kingdom,GBR,1855,1.552088332,2.442399044,2.60125674
United Kingdom,GBR,1856,1.895486606,2.306100003,2.599041105
United Kingdom,GBR,1857,1.744711847,1.861213132,1.706155011
United Kingdom,GBR,1858,2.077754188,1.78799117,2.20617915
United Kingdom,GBR,1859,1.842336494,1.581223729,2.15287366
United Kingdom,GBR,1860,1.317479151,1.624029601,1.871117611
United Kingdom,GBR,1861,1.677800889,1.96522751,2.296821098
United Kingdom,GBR,1862,1.824909964,1.755771152,2.050390357
United Kingdom,GBR,1863,2.542898751,2.33929347,2.885964021
United Kingdom,GBR,1864,2.205465146,2.580754639,2.355534555
United Kingdom,GBR,1865,1.735513929,2.358262499,2.250111728
United Kingdom,GBR,1866,1.834955978,2.206664631,2.816922539
United Kingdom,GBR,1867,1.980408815,1.848483987,2.279776517
United Kingdom,GBR,1868,2.375764408,1.859037982,1.774359509
United Kingdom,GBR,1869,2.203354044,2.307838688,2.916724812
United Kingdom,GBR,1870,2.218308278,1.628140843,2.906610793
United Kingdom,GBR,1885,2.06,1.96,1.66
United Kingdom,GBR,1910,2.17,1.96,1.71
United Kingdom,GBR,1930,2.23,2.02,1.97
United Kingdom,GBR,1942,2.56,2.37,2.16
United Kingdom,GBR,1961,3.5372,3.2624,2.6431
United Kingdom,GBR,1962,4.3527,3.6355,2.8809
United Kingdom,GBR,1963,3.9051,3.5155,2.7985
United Kingdom,GBR,1964,4.2475,3.6943,2.9615
United Kingdom,GBR,1965,4.0653,3.7517,3.0177
United Kingdom,GBR,1966,3.8355,3.5162,3.0578
United Kingdom,GBR,1967,4.1832,3.7778,3.3847
United Kingdom,GBR,1968,3.5471,3.4447,3.2187
United Kingdom,GBR,1969,4.0383,3.5903,3.4212
United Kingdom,GBR,1970,4.1939,3.3566,3.2347
United Kingdom,GBR,1971,4.389,3.74,3.7513
United Kingdom,GBR,1972,4.2412,4.0403,3.9629
United Kingdom,GBR,1973,4.3654,3.9722,3.8304
United Kingdom,GBR,1974,4.9712,4.1246,3.7451
United Kingdom,GBR,1975,4.3344,3.6303,3.412
United Kingdom,GBR,1976,3.8505,3.505,3.2511
United Kingdom,GBR,1977,4.9006,4.3872,4.0579
United Kingdom,GBR,1978,5.2526,4.1883,3.9105
United Kingdom,GBR,1979,5.2292,4.1064,3.9913
United Kingdom,GBR,1980,5.8782,4.4294,4.0642
United Kingdom,GBR,1981,5.8417,4.3962,4.3056
United Kingdom,GBR,1982,6.2057,4.9325,4.4574
United Kingdom,GBR,1983,6.3717,4.6549,4.3148
United Kingdom,GBR,1984,7.7205,5.5907,4.8774
United Kingdom,GBR,1985,6.3333,4.9542,4.5821
United Kingdom,GBR,1986,6.9659,5.2238,5.1856
United Kingdom,GBR,1987,5.988,5.0437,4.5455
United Kingdom,GBR,1988,6.2142,4.6379,4.5667
United Kingdom,GBR,1989,6.7369,4.883,4.4627
United Kingdom,GBR,1990,6.9712,5.2088,4.9719
United Kingdom,GBR,1991,7.2522,5.4764,5.0678
United Kingdom,GBR,1992,6.8191,5.6697,5.0083
United Kingdom,GBR,1993,7.328,5.1784,5.2327
United Kingdom,GBR,1994,7.3528,5.3718,5.4862
United Kingdom,GBR,1995,7.6988,5.7351,5.5089
United Kingdom,GBR,1996,8.1478,6.1387,6.1458
United Kingdom,GBR,1997,7.3762,5.7601,5.77
United Kingdom,GBR,1998,7.5545,5.2857,5.9796
United Kingdom,GBR,1999,8.0493,5.5818,5.8804
United Kingdom,GBR,2000,8.0077,5.7553,5.8716
United Kingdom,GBR,2001,7.0826,5.3494,5.5446
United Kingdom,GBR,2002,8.0025,5.5658,5.9762
United Kingdom,GBR,2003,7.7779,5.9091,6.1393
United Kingdom,GBR,2004,7.7754,5.7584,5.8056
United Kingdom,GBR,2005,7.9609,5.8582,5.8462
United Kingdom,GBR,2006,8.0365,5.9399,6.0165
United Kingdom,GBR,2007,7.2246,5.6559,5.5194
United Kingdom,GBR,2008,8.2814,5.9535,5.8033
United Kingdom,GBR,2009,7.9301,5.8338,5.7674
United Kingdom,GBR,2010,7.673,5.7025,5.5242
United Kingdom,GBR,2011,7.7486,5.6639,5.6239
United Kingdom,GBR,2012,6.6571,5.511,5.1393
United Kingdom,GBR,2013,7.3814,5.8467,5.4463
United Kingdom,GBR,2014,8.5775,6.3991,5.9854